[
  { "country": "Afghanistan", "currency_code": "AFN", "currency_numeric": "971", "currency_name": "Afghan Afghani" },
  { "country": "Albania", "currency_code": "ALL", "currency_numeric": "008", "currency_name": "Albanian Lek" },
  { "country": "Algeria", "currency_code": "DZD", "currency_numeric": "012", "currency_name": "Algerian Dinar" },
  { "country": "American Samoa", "currency_code": "USD", "currency_numeric": "840", "currency_name": "US Dollar" },
  { "country": "Andorra", "currency_code": "ESP, FRF, ADP", "currency_numeric": "724, 250, 020", "currency_name": "Spanish Peseta, French Franc, Andorran Peseta" },
  { "country": "Angola", "currency_code": "AOA", "currency_numeric": "973", "currency_name": "Kwanza" },
  { "country": "Anguilla", "currency_code": "XCD", "currency_numeric": "951", "currency_name": "East Caribbean Dollar" },
  { "country": "Antigua and Barbuda", "currency_code": "XCD", "currency_numeric": "951", "currency_name": "East Caribbean Dollar" },
  { "country": "Argentina", "currency_code": "ARS", "currency_numeric": "032", "currency_name": "Argentine Peso" },
  { "country": "Armenia", "currency_code": "AMD", "currency_numeric": "051", "currency_name": "Armenian Dram" },
  { "country": "Aruba", "currency_code": "AWG", "currency_numeric": "533", "currency_name": "Aruban Guilder" },
  { "country": "Australia", "currency_code": "AUD", "currency_numeric": "036", "currency_name": "Australian Dollar" },
  { "country": "Austria", "currency_code": "ATS", "currency_numeric": "040", "currency_name": "Austrian Schilling" },
  { "country": "Azerbaijan", "currency_code": "AZM", "currency_numeric": "031", "currency_name": "Azerbaijanian Manat" },
  { "country": "Bahamas", "currency_code": "BSD", "currency_numeric": "044", "currency_name": "Bahamian Dollar" },
  { "country": "Bahrain", "currency_code": "BHD", "currency_numeric": "048", "currency_name": "Bahraini Dinar" },
  { "country": "Bangladesh", "currency_code": "BDT", "currency_numeric": "050", "currency_name": "Bangladeshi Taka" },
  { "country": "Barbados", "currency_code": "BBD", "currency_numeric": "052", "currency_name": "Barbados Dollar" },
  { "country": "Belarus", "currency_code": "BYB, RYR", "currency_numeric": "112, 974", "currency_name": "Belarussian Ruble, Belarussian Ruble" },
  { "country": "Belgium", "currency_code": "BEF", "currency_numeric": "056", "currency_name": "Belgian Franc" },
  { "country": "Belize", "currency_code": "BZD", "currency_numeric": "084", "currency_name": "Belize Dollar" },
  { "country": "Benin", "currency_code": "XOF", "currency_numeric": "952", "currency_name": "CFA Franc (BCEAO)" },
  { "country": "Bermuda", "currency_code": "BMD", "currency_numeric": "060", "currency_name": "Bermuda Dollar" },
  { "country": "Bhutan", "currency_code": "INR, BTN", "currency_numeric": "356, 064", "currency_name": "Indian Rupee, Ngultrum" },
  { "country": "Bolivia", "currency_code": "BOB, BOV", "currency_numeric": "068, 984", "currency_name": "Boliviano, Mvdol" },
  { "country": "Bosnia & Herzegovina", "currency_code": "BAM", "currency_numeric": "977", "currency_name": "Convertible Marks" },
  { "country": "Botswana", "currency_code": "BWP", "currency_numeric": "072", "currency_name": "Pula" },
  { "country": "Bouvet Island", "currency_code": "NOK", "currency_numeric": "578", "currency_name": "Norwegian Krone" },
  { "country": "Brazil", "currency_code": "BRL", "currency_numeric": "986", "currency_name": "Brazil Real" },
  { "country": "British Indian Ocean Territory", "currency_code": "USD", "currency_numeric": "840", "currency_name": "US Dollar" },
  { "country": "Brunei Darussalam", "currency_code": "BND", "currency_numeric": "096", "currency_name": "Brunei Dollar" },
  { "country": "Bulgaria", "currency_code": "BGL, BGN", "currency_numeric": "100, 975", "currency_name": "Lev, Bulgarian Lev" },
  { "country": "Burkina Faso", "currency_code": "XOF", "currency_numeric": "952", "currency_name": "CFA Franc BCEAO" },
  { "country": "Burundi", "currency_code": "BIF", "currency_numeric": "108", "currency_name": "Burundi Franc" },
  { "country": "Cambodia", "currency_code": "KHR", "currency_numeric": "116", "currency_name": "Cambodian Riel" },
  { "country": "Cameroon", "currency_code": "XAF", "currency_numeric": "950", "currency_name": "CFA Franc (BEAC)" },
  { "country": "Canada", "currency_code": "CAD", "currency_numeric": "124", "currency_name": "Canadian Dollar" },
  { "country": "Cape Verde", "currency_code": "CVE", "currency_numeric": "132", "currency_name": "Cape Verde Escudo" },
  { "country": "Cayman Islands", "currency_code": "KYD", "currency_numeric": "136", "currency_name": "Cayman Islands Dollar" },
  { "country": "Central African Republic", "currency_code": "XAF", "currency_numeric": "950", "currency_name": "CFA Franc (BEAC)" },
  { "country": "Chad", "currency_code": "XAF", "currency_numeric": "950", "currency_name": "CFA Franc (BEAC)" },
  { "country": "Chile", "currency_code": "CLP, CLF", "currency_numeric": "152, 990", "currency_name": "Chilean Peso, Unidades de fomento" },
  { "country": "China", "currency_code": "CNY", "currency_numeric": "156", "currency_name": "Yuan Renminbi" },
  { "country": "China (Hong Kong S.A.R.)", "currency_code": "HKD", "currency_numeric": "344", "currency_name": "Hong Kong Dollar" },
  { "country": "China (Macau S.A.R.)", "currency_code": "MOP", "currency_numeric": "446", "currency_name": "Pataca" },
  { "country": "Christmas Island", "currency_code": "AUD", "currency_numeric": "036", "currency_name": "Australian Dollar" },
  { "country": "Cocos (Keeling) Islands", "currency_code": "AUD", "currency_numeric": "036", "currency_name": "Australian Dollar" },
  { "country": "Colombia", "currency_code": "COP", "currency_numeric": "170", "currency_name": "Colombian Peso" },
  { "country": "Comoros", "currency_code": "KMF", "currency_numeric": "174", "currency_name": "Comoro Franc" },
  { "country": "Congo", "currency_code": "XAF", "currency_numeric": "950", "currency_name": "CFA Franc (BEAC)" },
  { "country": "Congo, Democratic Republic of", "currency_code": "CDF", "currency_numeric": "976", "currency_name": "Franc Congolais" },
  { "country": "Cook Islands", "currency_code": "NZD", "currency_numeric": "554", "currency_name": "New Zealand Dollar" },
  { "country": "Costa Rica", "currency_code": "CRC", "currency_numeric": "188", "currency_name": "Costa Rican Colon" },
  { "country": "Côte D'Ivoire", "currency_code": "XOF", "currency_numeric": "952", "currency_name": "CFA Franc (BCEAO)" },
  { "country": "Croatia", "currency_code": "HRK", "currency_numeric": "191", "currency_name": "Croatian Kuna" },
  { "country": "Cuba", "currency_code": "CUP", "currency_numeric": "192", "currency_name": "Cuban Peso" },
  { "country": "Cyprus", "currency_code": "CYP", "currency_numeric": "196", "currency_name": "Cyprus Pound" },
  { "country": "Czech Republic", "currency_code": "CZK", "currency_numeric": "203", "currency_name": "Czech Koruna" },
  { "country": "Denmark", "currency_code": "DKK", "currency_numeric": "208", "currency_name": "Danish Krone" },
  { "country": "Djibouti", "currency_code": "DJF", "currency_numeric": "262", "currency_name": "Djibouti Franc" },
  { "country": "Dominica", "currency_code": "XCD", "currency_numeric": "951", "currency_name": "East Caribbean Dollar" },
  { "country": "Dominican Republic", "currency_code": "DOP", "currency_numeric": "214", "currency_name": "Dominican Peso" },
  { "country": "East Timor", "currency_code": "TPE, IDE", "currency_numeric": "626, 360", "currency_name": "Timor Escudo, Rupiah" },
  { "country": "Ecuador", "currency_code": "ECS, ECV", "currency_numeric": "218, 983", "currency_name": "Sucre, Unidad de Valor Constante (UVC)" },
  { "country": "Egypt", "currency_code": "EGP", "currency_numeric": "818", "currency_name": "Egyptian Pound" },
  { "country": "El Salvador", "currency_code": "SVC", "currency_numeric": "222", "currency_name": "El Salvador Colon" },
  { "country": "Equatorial Guinea", "currency_code": "XAF", "currency_numeric": "950", "currency_name": "CFA Franc (BEAC)" },
  { "country": "Eritrea", "currency_code": "ERN", "currency_numeric": "232", "currency_name": "Nafka" },
  { "country": "Estonia", "currency_code": "EEK", "currency_numeric": "233", "currency_name": "Kroon" },
  { "country": "Ethiopia", "currency_code": "ETB", "currency_numeric": "230", "currency_name": "Ethiopian Birr" },
  { "country": "Faroe Islands", "currency_code": "DKK", "currency_numeric": "208", "currency_name": "Danish Krone" },
  { "country": "European Union (ECU)", "currency_code": "XEU", "currency_numeric": "954", "currency_name": "Euro" },
  { "country": "Fiji", "currency_code": "FJD", "currency_numeric": "242", "currency_name": "Fiji Dollar" },
  { "country": "Finland", "currency_code": "FIM", "currency_numeric": "246", "currency_name": "Finnish Markka" },
  { "country": "France", "currency_code": "FRF", "currency_numeric": "250", "currency_name": "French Franc" },
  { "country": "Gabon", "currency_code": "GAB", "currency_numeric": "950", "currency_name": "CFA Franc (BEAC)" },
  { "country": "Gambia", "currency_code": "GMD", "currency_numeric": "270", "currency_name": "Dalasi" },
  { "country": "Georgia", "currency_code": "GEL", "currency_numeric": "268", "currency_name": "Lari" },
  { "country": "Germany", "currency_code": "DEM", "currency_numeric": "276", "currency_name": "Deutsche Mark" },
  { "country": "Ghana", "currency_code": "GHS", "currency_numeric": "288", "currency_name": "Ghanaian Cedi" },
  { "country": "Gibraltar", "currency_code": "GIP", "currency_numeric": "292", "currency_name": "Gibraltar Pound" },
  { "country": "Greece", "currency_code": "GRD", "currency_numeric": "300", "currency_name": "Greek Drachma" },
  { "country": "Greenland", "currency_code": "DKK", "currency_numeric": "208", "currency_name": "Danish Krone" },
  { "country": "Grenada", "currency_code": "XCD", "currency_numeric": "951", "currency_name": "East Caribbean Dollar" },
  { "country": "Guadeloupe", "currency_code": "EUR", "currency_numeric": "978", "currency_name": "Euro" },
  { "country": "Guam", "currency_code": "USD", "currency_numeric": "840", "currency_name": "US Dollar" },
  { "country": "Guatemala", "currency_code": "GTQ", "currency_numeric": "320", "currency_name": "Quetzal" },
  { "country": "Guinea", "currency_code": "GNF", "currency_numeric": "324", "currency_name": "Guinea Franc" },
  { "country": "Guinea-Bissau", "currency_code": "GNF", "currency_numeric": "324", "currency_name": "Guinea Franc" },
  { "country": "Guyana", "currency_code": "GYD", "currency_numeric": "328", "currency_name": "Guyana Dollar" },
  { "country": "Haiti", "currency_code": "HTG", "currency_numeric": "332", "currency_name": "Gourde" },
  { "country": "Honduras", "currency_code": "HNL", "currency_numeric": "340", "currency_name": "Lempira" },
  { "country": "Hong Kong", "currency_code": "HKD", "currency_numeric": "344", "currency_name": "Hong Kong Dollar" },
  { "country": "Hungary", "currency_code": "HUF", "currency_numeric": "348", "currency_name": "Forint" },
  { "country": "Iceland", "currency_code": "ISK", "currency_numeric": "352", "currency_name": "Iceland Krona" },
  { "country": "India", "currency_code": "INR", "currency_numeric": "356", "currency_name": "Indian Rupee" },
  { "country": "Indonesia", "currency_code": "IDR", "currency_numeric": "360", "currency_name": "Rupiah" },
  { "country": "Iran", "currency_code": "IRR", "currency_numeric": "364", "currency_name": "Iranian Rial" },
  { "country": "Iraq", "currency_code": "IQD", "currency_numeric": "368", "currency_name": "Iraqi Dinar" },
  { "country": "Ireland", "currency_code": "IEP", "currency_numeric": "372", "currency_name": "Irish Pound" },
  { "country": "Israel", "currency_code": "ILS", "currency_numeric": "376", "currency_name": "New Israeli Shekel" },
  { "country": "Italy", "currency_code": "ITL", "currency_numeric": "380", "currency_name": "Italian Lira" },
  { "country": "Jamaica", "currency_code": "JMD", "currency_numeric": "388", "currency_name": "Jamaican Dollar" },
  { "country": "Japan", "currency_code": "JPY", "currency_numeric": "392", "currency_name": "Yen" },
  { "country": "Jordan", "currency_code": "JOD", "currency_numeric": "400", "currency_name": "Jordanian Dinar" },
  { "country": "Kazakhstan", "currency_code": "KZT", "currency_numeric": "398", "currency_name": "Tenge" },
  { "country": "Kenya", "currency_code": "KES", "currency_numeric": "404", "currency_name": "Kenyan Shilling" },
  { "country": "Kiribati", "currency_code": "AUD", "currency_numeric": "036", "currency_name": "Australian Dollar" },
  { "country": "Korea, North", "currency_code": "KPW", "currency_numeric": "408", "currency_name": "North Korean Won" },
  { "country": "Korea, South", "currency_code": "KRW", "currency_numeric": "410", "currency_name": "South Korean Won" },
  { "country": "Kuwait", "currency_code": "KWD", "currency_numeric": "414", "currency_name": "Kuwaiti Dinar" },
  { "country": "Kyrgyzstan", "currency_code": "KGS", "currency_numeric": "417", "currency_name": "Som" },
  { "country": "Laos", "currency_code": "LAK", "currency_numeric": "418", "currency_name": "Kip" },
  { "country": "Latvia", "currency_code": "LVL", "currency_numeric": "428", "currency_name": "Latvian Lats" },
  { "country": "Lebanon", "currency_code": "LBP", "currency_numeric": "422", "currency_name": "Lebanese Pound" },
  { "country": "Lesotho", "currency_code": "LSL", "currency_numeric": "426", "currency_name": "Loti" },
  { "country": "Liberia", "currency_code": "LRD", "currency_numeric": "430", "currency_name": "Liberian Dollar" },
  { "country": "Libya", "currency_code": "LYD", "currency_numeric": "434", "currency_name": "Libyan Dinar" },
  { "country": "Liechtenstein", "currency_code": "CHF", "currency_numeric": "756", "currency_name": "Swiss Franc" },
  { "country": "Lithuania", "currency_code": "LTL", "currency_numeric": "440", "currency_name": "Lithuanian Litas" },
  { "country": "Luxembourg", "currency_code": "LUF", "currency_numeric": "442", "currency_name": "Luxembourg Franc" },
  { "country": "Macau", "currency_code": "MOP", "currency_numeric": "446", "currency_name": "Pataca" },
  { "country": "Madagascar", "currency_code": "MGA", "currency_numeric": "450", "currency_name": "Malagasy Ariary" },
  { "country": "Malawi", "currency_code": "MWK", "currency_numeric": "454", "currency_name": "Malawian Kwacha" },
  { "country": "Malaysia", "currency_code": "MYR", "currency_numeric": "458", "currency_name": "Malaysian Ringgit" },
  { "country": "Maldives", "currency_code": "MVR", "currency_numeric": "462", "currency_name": "Rufiyaa" },
  { "country": "Mali", "currency_code": "CFA", "currency_numeric": "952", "currency_name": "CFA Franc (BCEAO)" },
  { "country": "Malta", "currency_code": "MTL", "currency_numeric": "470", "currency_name": "Maltese Lira" },
  { "country": "Marshall Islands", "currency_code": "USD", "currency_numeric": "840", "currency_name": "US Dollar" },
  { "country": "Martinique", "currency_code": "EUR", "currency_numeric": "978", "currency_name": "Euro" },
  { "country": "Mauritania", "currency_code": "MRU", "currency_numeric": "478", "currency_name": "Ouguiya" },
  { "country": "Mauritius", "currency_code": "MUR", "currency_numeric": "480", "currency_name": "Mauritian Rupee" },
  { "country": "Mayotte", "currency_code": "EUR", "currency_numeric": "978", "currency_name": "Euro" },
  { "country": "Mexico", "currency_code": "MXN", "currency_numeric": "484", "currency_name": "Mexican Peso" },
  { "country": "Micronesia", "currency_code": "USD", "currency_numeric": "840", "currency_name": "US Dollar" },
  { "country": "Moldova", "currency_code": "MDL", "currency_numeric": "498", "currency_name": "Moldovan Leu" },
  { "country": "Monaco", "currency_code": "EUR", "currency_numeric": "978", "currency_name": "Euro" },
  { "country": "Mongolia", "currency_code": "MNT", "currency_numeric": "496", "currency_name": "Tugrik" },
  { "country": "Montenegro", "currency_code": "EUR", "currency_numeric": "978", "currency_name": "Euro" },
  { "country": "Montserrat", "currency_code": "XCD", "currency_numeric": "951", "currency_name": "East Caribbean Dollar" },
  { "country": "Morocco", "currency_code": "MAD", "currency_numeric": "504", "currency_name": "Moroccan Dirham" },
  { "country": "Mozambique", "currency_code": "MZN", "currency_numeric": "508", "currency_name": "Mozambican Metical" },
  { "country": "Myanmar", "currency_code": "MMK", "currency_numeric": "104", "currency_name": "Kyat" },
  { "country": "Namibia", "currency_code": "NAD", "currency_numeric": "516", "currency_name": "Namibian Dollar" },
  { "country": "Nauru", "currency_code": "AUD", "currency_numeric": "036", "currency_name": "Australian Dollar" },
  { "country": "Nepal", "currency_code": "NPR", "currency_numeric": "524", "currency_name": "Nepalese Rupee" },
  { "country": "Netherlands", "currency_code": "NLD", "currency_numeric": "528", "currency_name": "Guilder" },
  { "country": "New Zealand", "currency_code": "NZD", "currency_numeric": "554", "currency_name": "New Zealand Dollar" },
  { "country": "Nicaragua", "currency_code": "NIO", "currency_numeric": "558", "currency_name": "Córdoba" },
  { "country": "Niger", "currency_code": "NGN", "currency_numeric": "566", "currency_name": "Nigerian Naira" },
  { "country": "Nigeria", "currency_code": "NGN", "currency_numeric": "566", "currency_name": "Nigerian Naira" },
  { "country": "Niue", "currency_code": "NZD", "currency_numeric": "554", "currency_name": "New Zealand Dollar" },
  { "country": "Norfolk Island", "currency_code": "AUD", "currency_numeric": "036", "currency_name": "Australian Dollar" },
  { "country": "North Macedonia", "currency_code": "MKD", "currency_numeric": "807", "currency_name": "Macedonian Denar" },
  { "country": "Northern Mariana Islands", "currency_code": "USD", "currency_numeric": "840", "currency_name": "US Dollar" },
  { "country": "Norway", "currency_code": "NOK", "currency_numeric": "578", "currency_name": "Norwegian Krone" },
  { "country": "Oman", "currency_code": "OMR", "currency_numeric": "512", "currency_name": "Rial" },
  { "country": "Pakistan", "currency_code": "PKR", "currency_numeric": "586", "currency_name": "Pakistani Rupee" },
  { "country": "Palau", "currency_code": "USD", "currency_numeric": "840", "currency_name": "US Dollar" },
  { "country": "Panama", "currency_code": "PAB", "currency_numeric": "590", "currency_name": "Balboa" },
  { "country": "Papua New Guinea", "currency_code": "PGK", "currency_numeric": "598", "currency_name": "Kina" },
  { "country": "Paraguay", "currency_code": "PYG", "currency_numeric": "600", "currency_name": "Guarani" },
  { "country": "Peru", "currency_code": "PEN", "currency_numeric": "604", "currency_name": "Nuevo Sol" },
  { "country": "Philippines", "currency_code": "PHP", "currency_numeric": "608", "currency_name": "Philippine Peso" },
  { "country": "Pitcairn Islands", "currency_code": "NZD", "currency_numeric": "554", "currency_name": "New Zealand Dollar" },
  { "country": "Poland", "currency_code": "PLN", "currency_numeric": "616", "currency_name": "Polish Zloty" },
  { "country": "Portugal", "currency_code": "PTE", "currency_numeric": "620", "currency_name": "Portuguese Escudo" },
  { "country": "Puerto Rico", "currency_code": "USD", "currency_numeric": "840", "currency_name": "US Dollar" },
  { "country": "Qatar", "currency_code": "QAR", "currency_numeric": "634", "currency_name": "Qatari Rial" },
  { "country": "Romania", "currency_code": "RON", "currency_numeric": "642", "currency_name": "Romanian Leu" },
  { "country": "Russia", "currency_code": "RUB", "currency_numeric": "643", "currency_name": "Russian Ruble" },
  { "country": "Rwanda", "currency_code": "RWF", "currency_numeric": "646", "currency_name": "Rwandan Franc" },
  { "country": "Réunion", "currency_code": "EUR", "currency_numeric": "978", "currency_name": "Euro" },
  { "country": "Saint Barthélemy", "currency_code": "EUR", "currency_numeric": "978", "currency_name": "Euro" },
  { "country": "Saint Helena", "currency_code": "SHP", "currency_numeric": "654", "currency_name": "Saint Helena Pound" },
  { "country": "Saint Kitts and Nevis", "currency_code": "XCD", "currency_numeric": "951", "currency_name": "East Caribbean Dollar" },
  { "country": "Saint Lucia", "currency_code": "XCD", "currency_numeric": "951", "currency_name": "East Caribbean Dollar" },
  { "country": "Saint Martin", "currency_code": "EUR", "currency_numeric": "978", "currency_name": "Euro" },
  { "country": "Saint Pierre and Miquelon", "currency_code": "EUR", "currency_numeric": "978", "currency_name": "Euro" },
  { "country": "Saint Vincent and the Grenadines", "currency_code": "XCD", "currency_numeric": "951", "currency_name": "East Caribbean Dollar" },
  { "country": "Samoa", "currency_code": "WST", "currency_numeric": "882", "currency_name": "Tala" },
  { "country": "San Marino", "currency_code": "EUR", "currency_numeric": "978", "currency_name": "Euro" },
  { "country": "Sao Tome and Principe", "currency_code": "STN", "currency_numeric": "678", "currency_name": "Dobra" },
  { "country": "Saudi Arabia", "currency_code": "SAR", "currency_numeric": "682", "currency_name": "Saudi Riyal" },
  { "country": "Senegal", "currency_code": "XOF", "currency_numeric": "952", "currency_name": "CFA Franc" },
  { "country": "Serbia", "currency_code": "RSD", "currency_numeric": "688", "currency_name": "Serbian Dinar" },
  { "country": "Seychelles", "currency_code": "SCR", "currency_numeric": "690", "currency_name": "Seychellois Rupee" },
  { "country": "Sierra Leone", "currency_code": "SLL", "currency_numeric": "694", "currency_name": "Leone" },
  { "country": "Singapore", "currency_code": "SGD", "currency_numeric": "702", "currency_name": "Singapore Dollar" },
  { "country": "Sint Eustatius and Saba", "currency_code": "USD", "currency_numeric": "840", "currency_name": "US Dollar" },
  { "country": "Sint Maarten", "currency_code": "ANG", "currency_numeric": "532", "currency_name": "Netherlands Antillean Guilder" },
  { "country": "Slovakia", "currency_code": "EUR", "currency_numeric": "978", "currency_name": "Euro" },
  { "country": "Slovenia", "currency_code": "EUR", "currency_numeric": "978", "currency_name": "Euro" },
  { "country": "Solomon Islands", "currency_code": "SBD", "currency_numeric": "090", "currency_name": "Solomon Islands Dollar" },
  { "country": "Somalia", "currency_code": "SOS", "currency_numeric": "706", "currency_name": "Somali Shilling" },
  { "country": "South Africa", "currency_code": "ZAR", "currency_numeric": "710", "currency_name": "South African Rand" },
  { "country": "South Georgia and the South Sandwich Islands", "currency_code": "GBP", "currency_numeric": "826", "currency_name": "Pound Sterling" },
  { "country": "South Korea", "currency_code": "KRW", "currency_numeric": "410", "currency_name": "South Korean Won" },
  { "country": "South Sudan", "currency_code": "SSP", "currency_numeric": "728", "currency_name": "South Sudanese Pound" },
  { "country": "Spain", "currency_code": "EUR", "currency_numeric": "978", "currency_name": "Euro" },
  { "country": "Sri Lanka", "currency_code": "LKR", "currency_numeric": "144", "currency_name": "Sri Lankan Rupee" },
  { "country": "Sudan", "currency_code": "SDG", "currency_numeric": "736", "currency_name": "Sudanese Pound" },
  { "country": "Suriname", "currency_code": "SRD", "currency_numeric": "740", "currency_name": "Surinamese Dollar" },
  { "country": "Svalbard and Jan Mayen", "currency_code": "NOK", "currency_numeric": "578", "currency_name": "Norwegian Krone" },
  { "country": "Sweden", "currency_code": "SEK", "currency_numeric": "752", "currency_name": "Swedish Krona" },
  { "country": "Switzerland", "currency_code": "CHF", "currency_numeric": "756", "currency_name": "Swiss Franc" },
  { "country": "Syria", "currency_code": "SYP", "currency_numeric": "760", "currency_name": "Syrian Pound" },
  { "country": "Taiwan", "currency_code": "TWD", "currency_numeric": "901", "currency_name": "New Taiwan Dollar" },
  { "country": "Tajikistan", "currency_code": "TJS", "currency_numeric": "762", "currency_name": "Somoni" },
  { "country": "Tanzania", "currency_code": "TZS", "currency_numeric": "834", "currency_name": "Tanzanian Shilling" },
  { "country": "Thailand", "currency_code": "THB", "currency_numeric": "764", "currency_name": "Baht" },
  { "country": "Timor-Leste", "currency_code": "USD", "currency_numeric": "840", "currency_name": "US Dollar" },
  { "country": "Togo", "currency_code": "XOF", "currency_numeric": "952", "currency_name": "CFA Franc" },
  { "country": "Tokelau", "currency_code": "NZD", "currency_numeric": "554", "currency_name": "New Zealand Dollar" },
  { "country": "Tonga", "currency_code": "TOP", "currency_numeric": "776", "currency_name": "Tongan Paʻanga" },
  { "country": "Trinidad and Tobago", "currency_code": "TTD", "currency_numeric": "780", "currency_name": "Trinidad and Tobago Dollar" },
  { "country": "Tunisia", "currency_code": "TND", "currency_numeric": "788", "currency_name": "Tunisian Dinar" },
  { "country": "Turkey", "currency_code": "TRY", "currency_numeric": "949", "currency_name": "Turkish Lira" },
  { "country": "Turkmenistan", "currency_code": "TMT", "currency_numeric": "795", "currency_name": "Manat" },
  { "country": "Tuvalu", "currency_code": "AUD", "currency_numeric": "036", "currency_name": "Australian Dollar" },
  { "country": "Uganda", "currency_code": "UGX", "currency_numeric": "800", "currency_name": "Ugandan Shilling" },
  { "country": "Ukraine", "currency_code": "UAH", "currency_numeric": "980", "currency_name": "Hryvnia" },
  { "country": "United Arab Emirates", "currency_code": "AED", "currency_numeric": "784", "currency_name": "Dirham" },
  { "country": "United Kingdom", "currency_code": "GBP", "currency_numeric": "826", "currency_name": "Pound Sterling" },
  { "country": "United States", "currency_code": "USD", "currency_numeric": "840", "currency_name": "US Dollar" },
  { "country": "Uruguay", "currency_code": "UYU", "currency_numeric": "858", "currency_name": "Uruguayan Peso" },
  { "country": "Uzbekistan", "currency_code": "UZS", "currency_numeric": "860", "currency_name": "Uzbekistan Som" },
  { "country": "Vanuatu", "currency_code": "VUV", "currency_numeric": "548", "currency_name": "Vanuatu Vatu" },
  { "country": "Vatican City", "currency_code": "EUR", "currency_numeric": "978", "currency_name": "Euro" },
  { "country": "Venezuela", "currency_code": "VES", "currency_numeric": "928", "currency_name": "Sovereign Bolívar" },
  { "country": "Vietnam", "currency_code": "VND", "currency_numeric": "704", "currency_name": "Dong" },
  { "country": "Wallis and Futuna", "currency_code": "XPF", "currency_numeric": "953", "currency_name": "CFP Franc" },
  { "country": "Yemen", "currency_code": "YER", "currency_numeric": "886", "currency_name": "Yemeni Rial" },
  { "country": "Zambia", "currency_code": "ZMW", "currency_numeric": "967", "currency_name": "Zambian Kwacha" },
  { "country": "Zimbabwe", "currency_code": "ZWL", "currency_numeric": "932", "currency_name": "Zimbabwean Dollar" }
]

